"","term","estimate","std.error","statistic","p.value","conf.low","conf.high","df","outcome","model","sample"
"1","(Intercept)",0.017465872055825,0.00123873136257452,14.0998061270724,6.30991516970414e-45,0.0150378534974268,0.0198938906142231,19631,"riskiest_citations_3mo","A1","Medium risk"
"2","mailer",-0.00070155521526878,0.0028894098584951,-0.242802250157122,0.808161129015561,-0.00636504366095085,0.00496193323041329,19631,"riskiest_citations_3mo","A1","Medium risk"
"3","(Intercept)",0.560255390045454,0.0108990027259832,51.4042802016928,0,0.538892420085833,0.581618360005075,19631,"num_citations_3mo","B1","Medium risk"
"4","mailer",-0.015124518621685,0.0228320207243175,-0.662425757417801,0.507706177380602,-0.0598772161954014,0.0296281789520314,19631,"num_citations_3mo","B1","Medium risk"
"5","(Intercept)",0.0173143516959547,0.00170353903773941,10.163753992354,3.30359958262939e-24,0.0139752707251904,0.0206534326667191,19637,"riskiest_citations_3mo","C1","Medium risk"
"6","assignmentMailer",-4.57093706698068e-05,0.00363973576500433,-0.0125584310568084,0.989980212709844,-0.00717990011258773,0.00708848137124811,19637,"riskiest_citations_3mo","C1","Medium risk"
"7","assignmentText",0.00161558091692357,0.00283766540576932,0.569334535931861,0.569135645798248,-0.00394648390688822,0.00717764574073536,19637,"riskiest_citations_3mo","C1","Medium risk"
"8","assignmentBoth",0.00308600280422799,0.00364578138163496,0.846458545148439,0.397307305292528,-0.00406003785894249,0.0102320434673985,19637,"riskiest_citations_3mo","C1","Medium risk"
"9","(Intercept)",0.591015997654703,0.015395862371489,38.3879761583983,5.9578780007606e-311,0.560838801867418,0.621193193441988,19637,"num_citations_3mo","D1","Medium risk"
"10","assignmentMailer",-0.00227893647753985,0.0339357023308477,-0.0671545399391451,0.946459358934848,-0.0687957907275153,0.0642379177724356,19637,"num_citations_3mo","D1","Medium risk"
"11","assignmentText",-0.0457503903857678,0.0232092872261826,-1.97121048741887,0.0487138235684639,-0.0912425614514739,-0.000258219320061689,19637,"num_citations_3mo","D1","Medium risk"
"12","assignmentBoth",-0.0183979573315217,0.0270524702146392,-0.68008419140836,0.496459170960904,-0.0714230929490409,0.0346271782859976,19637,"num_citations_3mo","D1","Medium risk"
"13","(Intercept)",0.0646149091980732,0.00353219331522184,18.2931406725724,3.87697131048432e-74,0.0576915106466841,0.0715383077494623,19631,"riskiest_citations_12mo","E1","Medium risk"
"14","mailer",-0.00326511799599943,0.00713577418043829,-0.457570252846607,0.647266283032011,-0.0172518407529285,0.0107216047609297,19631,"riskiest_citations_12mo","E1","Medium risk"
"15","(Intercept)",2.14583308741081,0.0357006608115856,60.1062568207267,0,2.07585676355521,2.21580941126642,19631,"num_citations_12mo","F1","Medium risk"
"16","mailer",-0.0756327811610915,0.0746625209297249,-1.01299527821033,0.311074901209958,-0.221977656176928,0.0707120938547455,19631,"num_citations_12mo","F1","Medium risk"
"17","(Intercept)",0.0624501975427252,0.00465592463594561,13.4130602245115,7.67153233226148e-41,0.0533241904429237,0.0715762046425266,19637,"riskiest_citations_12mo","G1","Medium risk"
"18","assignmentMailer",0.00569906803064161,0.0109560191495906,0.52017689571623,0.602946151172043,-0.0157756585516579,0.0271737946129411,19637,"riskiest_citations_12mo","G1","Medium risk"
"19","assignmentText",-0.00166608551284272,0.00699250618686539,-0.238267291914917,0.811676274259128,-0.0153719905900151,0.0120398195643297,19637,"riskiest_citations_12mo","G1","Medium risk"
"20","assignmentBoth",0.0115877011419723,0.00906014469769124,1.27897528445933,0.200920872998096,-0.00617095074814056,0.0293463530320852,19637,"riskiest_citations_12mo","G1","Medium risk"
"21","(Intercept)",2.23603004344525,0.0493852668255966,45.2772696630709,0,2.13923073269256,2.33282935419793,19637,"num_citations_12mo","H1","Medium risk"
"22","assignmentMailer",0.0791157047551997,0.116082084464717,0.681549656176676,0.495531795344821,-0.148415024330496,0.306646433840896,19637,"num_citations_12mo","H1","Medium risk"
"23","assignmentText",-0.0794800251559893,0.0756209477241482,-1.05103185754718,0.293256892209397,-0.227703495204518,0.0687434448925393,19637,"num_citations_12mo","H1","Medium risk"
"24","assignmentBoth",-0.0355460701219422,0.0822065249184155,-0.432399619826033,0.665455742556891,-0.196677829915364,0.12558568967148,19637,"num_citations_12mo","H1","Medium risk"
"25","(Intercept)",0.0260971113950012,0.00137817180549832,18.9360363424101,2.9288898188364e-79,0.0233957777390449,0.0287984450509574,19631,"n_crashes","I1","Medium risk"
"26","mailer",1.99310984405418e-06,0.00282194291667227,0.000706289922549008,0.999436469398788,-0.00552925440630851,0.00553324062599662,19631,"n_crashes","I1","Medium risk"
"27","(Intercept)",0.0262834737050484,0.00189533274140073,13.8674719910257,1.59987583355757e-43,0.0225684608113751,0.0299984865987217,19637,"n_crashes","J1","Medium risk"
"28","assignmentMailer",0.00105526210789934,0.00396819481427082,0.265930015357184,0.790295900057004,-0.00672273622326906,0.00883326043906773,19637,"n_crashes","J1","Medium risk"
"29","assignmentText",-0.00229782332470046,0.00302756419601252,-0.758967663749896,0.447881010256153,-0.00823210588043676,0.00363645923103584,19637,"n_crashes","J1","Medium risk"
"30","assignmentBoth",-0.000621912452426727,0.00305812914459611,-0.203363698202766,0.838852878701311,-0.00661610489923502,0.00537227999438157,19637,"n_crashes","J1","Medium risk"
"31","(Intercept)",0.0174169616279447,0.00129042829823524,13.4970394339335,2.16823247554211e-41,0.0148876635814311,0.0199462596744582,29140,"riskiest_citations_3mo","K1","Medium risk"
"32","any",0.000802325361257007,0.00219485484183345,0.365548256752503,0.714704844932646,-0.00349968976924048,0.00510434049175449,29140,"riskiest_citations_3mo","K1","Medium risk"
"33","(Intercept)",0.570285984785098,0.0115356912000966,49.4366548907205,0,0.547675506343568,0.592896463226627,29140,"num_citations_3mo","L1","Medium risk"
"34","any",-0.0270342988725937,0.0167090238256616,-1.61794603650481,0.105685050946934,-0.0597847441156117,0.00571614637042434,29140,"num_citations_3mo","L1","Medium risk"
"35","(Intercept)",0.063911423440731,0.00359224127115047,17.7915175002325,1.94078403109176e-70,0.0568704674711883,0.0709523794102737,29140,"riskiest_citations_12mo","M1","Medium risk"
"36","any",-0.000746810799871881,0.005155623432086,-0.144853635978165,0.884827435170912,-0.0108520667781916,0.0093584451784478,29140,"riskiest_citations_12mo","M1","Medium risk"
"37","(Intercept)",2.17527586444318,0.0373370436996892,58.2605275859398,0,2.10209356379047,2.24845816509589,29140,"num_citations_12mo","N1","Medium risk"
"38","any",-0.0990489072133865,0.052516683518385,-1.88604650136964,0.0592986245990983,-0.201983991025542,0.00388617659876847,29140,"num_citations_12mo","N1","Medium risk"
"39","(Intercept)",0.0262553111799247,0.00138988898551619,18.8902217756433,4.08112493663694e-79,0.023531065678859,0.0289795566809904,29142,"n_crashes","O1","Medium risk"
"40","any",-0.0011471202691856,0.00196174362702499,-0.584745250797742,0.55872354949766,-0.00499222682507529,0.00269798628670409,29142,"n_crashes","O1","Medium risk"
